보광교통,0017,지선,청암동,이촌동,10,12,12,60,8,13,05:15,23:30
북부운수,01A,순환,예장주차장,예장주차장,16,8,16,60,6,9,06:30,23:00
북부운수,01B,순환,예장주차장,예장주차장,6,15,16,65,12,18,06:30,23:00
대원여객,0411,지선,용산차고지,AT센터.양재꽃시장,21,14,47,220,12,19,04:20,22:30
한성여객,100,간선,하계동,용산구청,32,10,57,231,8,13,04:00,22:30
한성운수,101,간선,우이동,서소문,24,10,38,170,5,14,04:00,23:00
동아운수,101,간선,우이동,서소문,24,10,38,170,5,14,04:00,23:00
한성여객,1017,지선,월계동,상왕십리,11,14,24,105,12,19,04:30,23:20
흥안운수,102,간선,상계주공7단지,동대문,20,11,30,130,6,15,04:00,23:10
삼화상운,102,간선,상계주공7단지,동대문,20,11,30,130,6,15,04:00,23:10
대진여객,1020,지선,정릉,교보문고,15,9,23,87,7,15,04:30,23:20
삼화상운,103,간선,삼화상운,서울역,24,9,30,,7,12,04:30,23:00
선일교통,104,간선,강북청소년수련관,서울역버스환승센터,24,8,31,145,5,11,04:00,23:15
흥안운수,105,간선,상계주공7단지,숭례문,20,12,39,145,8,15,04:00,22:40
대원여객,106,간선,의정부,종로5가,23,14,45,180,12,20,04:00,23:00
대원여객,107,간선,민락동차고지,동대문,32,12,61,225,10,21,04:10,22:30
영신여객,109,간선,우이동,광화문,16,10,28,120,12,18,04:27,23:20
한성운수,1111,지선,번동,성북동,17,10,26,125,8,12,04:20,23:20
도원교통,1111,지선,번동,성북동,17,10,26,125,8,12,04:20,23:20
도원교통,1112,지선,정릉4동,성북동,12,12,23,105,9,15,04:00,23:00
대진여객,1113,지선,정릉,월곡동,6,15,14,70,14,20,05:10,23:40
동아운수,1115,지선,수유중학교혜화여고,미아삼거리역,6,13,12,60,9,20,05:30,00:00
한성운수,1115,지선,수유중학교혜화여고,미아삼거리역,6,13,12,60,9,20,05:30,00:00
대진여객,1116,지선,국민대학교,미아삼거리역,5,18,12,65,12,25,05:00,23:30
선일교통,1119,지선,강북청소년수련관,녹천역,20,8,21,98,6,12,04:40,23:35
한성여객,1120,지선,하계동,삼양동입구,15,16,32,152,12,20,04:30,23:00
상진운수,1122,지선,석관동(상진운수종점),원자력병원,16,9,19,86,7,12,04:00,23:30
한성운수,1124,지선,수유역,미아삼거리역,6,14,11,52,10,20,05:00,00:30
선일교통,1126,지선,강북청소년수련관,안방학동,20,8,19,90,6,12,04:25,23:50
아진교통,1127,지선,수유역,도봉산,9,14,20,90,10,14,05:00,23:10
아진교통,1128,지선,도봉산,월곡동,15,12,31,115,10,14,04:30,22:50
삼화상운,1129,지선,상계8동,창동역,3,25,9,43,15,40,05:00,23:30
한성여객,1131,지선,중계본동,석계역,6,17,16,73,13,30,05:00,23:50
흥안운수,1131,지선,중계본동,석계역,6,17,16,73,13,30,05:00,23:50
진아교통,1132,지선,월계동,노원역,17,8,20,167,6,12,04:30,23:40
진아교통,1135,지선,월계동,은행사거리,10,10,18,100,7,15,04:30,23:40
진아교통,1136,지선,월계동(E마트),원자력병원,6,15,11,50,10,17,05:00,00:00
삼화상운,1137,지선,상계동,미아사거리,17,11,24,130,8,15,04:30,23:10
흥안운수,1138,지선,상계4동,수유역,5,23,18,84,17,28,04:30,23:40
흥안운수,1139,지선,상계4동,방학3동주민센터,12,12,24,115,10,16,04:30,23:40
삼화상운,1140,지선,중계동,광운대,2,21,16,74,17,26,05:00,00:00
한성여객,1140,지선,중계동,광운대,2,21,16,74,17,26,05:00,00:00
흥안운수,1141,지선,중계본동종점,석계역,6,16,16,73,12,30,05:00,23:50
한성여객,1141,지선,중계본동종점,석계역,6,16,16,73,12,30,05:00,23:50
흥안운수,1142,지선,중계본동,창동역,13,8,10,49,5,10,05:00,00:00
삼화상운,1143,지선,중계본동,수락리버시티,8,19,25,105,13,25,04:30,23:20
서울교통네트웍,1143,지선,중계본동,수락리버시티,8,19,25,105,13,25,04:30,23:20
한성여객,1143,지선,중계본동,수락리버시티,8,19,25,105,13,25,04:30,23:20
흥안운수,1143,지선,중계본동,수락리버시티,8,19,25,105,13,25,04:30,23:20
한성여객,1144,지선,하계동,우이동,9,15,20,84,10,22,04:40,23:40
한성여객,1154,지선,하계동,신곡동,12,15,28,106,10,22,04:30,23:20
태릉교통,1155,지선,청학리,석계역,13,12,31,95,7,20,04:30,22:50
도원교통,1162,지선,구민회관,보문역,5,10,9,40,7,14,05:00,23:40
대진여객,1162,지선,구민회관,보문역,5,10,9,40,7,14,05:00,23:40
도원교통,1164,지선,서경대,길음전철역,12,6,8,40,4,9,05:00,23:40
동아운수,1165,지선,화계사,미아삼거리역,22,8,21,110,6,12,04:30,23:30
삼양교통,1165,지선,화계사,미아삼거리역,22,8,21,110,6,12,04:30,23:30
영신여객,1167,지선,우이동,은행사거리,11,12,19,80,8,18,04:45,23:30
영신여객,120,간선,우이동,청량리,32,6,33,,5,10,04:25,23:10
경성여객,1213,지선,용마문화복지센터,국민대학교,21,12,28,125,8,15,04:00,23:20
한성운수,1218,지선,수유역,답십리,18,11,33,142,8,14,04:10,22:50
흥안운수,1221,지선,중계동,서울의료원,5,22,16,63,14,28,04:30,23:30
진아교통,1222,지선,월계동,고대앞,11,10,19,72,9,12,04:00,23:10
삼화상운,1224,지선,상계동,청량리,24,7,31,140,5,13,04:30,23:20
흥안운수,1224,지선,상계동,청량리,24,7,31,140,5,13,04:30,23:20
흥안운수,1226,지선,월곡중학교,경동시장,2,36,9,44,22,90,04:30,22:40
한성여객,1227,지선,하계동,제기동,14,14,27,110,10,16,04:30,23:20
한국BRT,140,간선,도봉산역,AT센터,46,7,58,230,5,12,04:00,22:50
아진교통,141,간선,도봉산,염곡동,37,11,54,,5,12,04:00,22:40
아진교통,142,간선,도봉산,방배동,38,9,59,235,5,12,04:00,22:45
대진여객,143,간선,정릉,개포동,53,7,62,230,2,10,04:00,22:10
한성운수,145,간선,번동,강남역,34,8,46,183,4,14,04:00,22:40
흥안운수,146,간선,상계주공7단지,강남역,41,8,57,230,1,12,04:05,23:00
삼화상운,146,간선,상계주공7단지,강남역,41,8,57,230,1,12,04:05,23:00
진아교통,147,간선,월계동,도곡동,40,9,53,235,6,9,04:00,22:10
한성운수,148,간선,번동,방배동,31,8,45,183,4,14,04:00,22:40
서울교통네트웍,150,간선,도봉산역,시흥대교,50,8,75,281,6,14,03:57,22:00
동아운수,151,간선,우이동,중앙대,35,7,47,200,6,15,04:00,22:50
동아운수,152,간선,화계사,삼막사사거리,51,7,64,260,5,12,04:00,22:00
동아운수,163,간선,우이동,대방역,42,7,56,260,4,11,04:00,22:30
도원교통,171,간선,월드컵파크7단지,국민대앞,29,9,45,175,6,14,04:00,23:00
도원교통,1711,지선,국민대,공덕동,23,7,30,175,4,10,04:30,23:00
한성여객,172,간선,하계동,상암동,27,10,47,,8,13,04:00,22:45
삼화상운,173,간선,월계동,신촌기차역,26,11,43,195,7,16,04:00,22:50
대원여객,201,간선,수택동차고지,서울역환승센터,19,15,52,210,12,22,04:00,00:00
상진운수,2012,지선,중랑공영차고지,동대문역사문화공원,19,11,39,180,9,19,04:00,22:40
경성여객,2013,지선,용마문화복지센터,신당역,12,13,21,110,11,16,04:20,22:50
태진운수,2014,지선,성수동,동대문역사문화공원,13,11,23,,9,15,04:20,23:30
대원교통,2015,지선,중랑공영차고지,동대문운동장,26,8,30,153,6,14,04:30,23:10
대원교통,2016,지선,중랑공영차고지,이촌2동,24,11,54,220,8,16,04:10,22:20
태릉교통,202,간선,불암동,후암동,37,8,53,210,6,13,04:00,22:00
북부운수,2112,지선,면목동,성북동,15,14,37,170,10,20,04:30,22:40
보광운수,2113,지선,중랑공영차고지,석계역,13,11,19,100,7,13,05:30,23:30
보광운수,2114,지선,중랑공영차고지,태릉시장,13,11,27,120,8,15,05:30,23:30
도원교통,2115,지선,중랑공영차고지,서경대입구,29,8,37,170,6,11,04:00,22:50
상진운수,2115,지선,중랑공영차고지,서경대입구,29,8,37,170,6,11,04:00,22:50
북부운수,2211,지선,면목동,회기역,18,6,17,82,5,9,04:40,23:25
태릉교통,2212,지선,불암동,면목동(서일대),10,14,32,130,13,18,04:10,22:40
신흥운수,2221,지선,자양동,신설동,20,13,24,106,6,18,04:30,23:15
신흥운수,2222,지선,자양동,고대앞,14,15,23,120,8,25,04:30,23:20
메트로버스,2227,지선,중랑차고지,광장동,21,11,40,185,9,16,04:20,22:40
북부운수,2227,지선,중랑차고지,광장동,21,11,40,185,9,16,04:20,22:40
북부운수,2230,지선,면목동,경동시장,19,8,28,150,5,14,04:20,23:00
북부운수,2233,지선,면목동,옥수동,18,15,43,192,12,20,04:30,22:40
보광운수,2236,지선,중랑차고지,신이문역,15,13,27,150,10,18,05:00,22:30
북부운수,2311,지선,중랑차고지,문정동,23,12,46,220,10,13,04:00,22:30
북부운수,2312,지선,강동차고지,중랑차고지,21,16,46,180,14,21,04:30,22:20
대원여객,2312,지선,강동차고지,중랑차고지,21,16,46,180,14,21,04:30,22:20
대원교통,240,간선,중랑공영차고지,신사역사거리,22,13,42,200,10,18,04:00,22:50
대원교통,241,간선,중랑공영차고지,논현역,28,10,51,225,9,16,04:00,22:30
태진운수,2412,지선,성수동,세곡동사거리,15,13,34,133,10,15,04:00,22:40
태진운수,2413,지선,성수동,개포동,11,17,29,128,13,20,04:10,23:10
신흥운수,2415,지선,자양동,대치동,20,16,25,110,6,16,04:30,23:20
대원교통,242,간선,중랑공영차고지,개포동,20,14,47,215,10,19,04:20,22:30
메트로버스,260,간선,중랑차고지,국회의사당역,29,10,53,205,7,14,03:55,22:40
상진운수,261,간선,석관동(상진운수종점),여의도,33,9,53,220,7,12,03:50,22:30
대원교통,262,간선,중랑차고지,여의도,35,9,55,245,6,12,04:00,22:00
북부운수,262,간선,중랑차고지,여의도,35,9,55,245,6,12,04:00,22:00
다모아자동차,270,간선,상암차고지,망우리(양원역),33,10,51,218,7,13,04:00,22:20
경성여객,271,간선,용마문화복지센터,월드컵파크7단지,46,6,53,236,5,10,04:10,22:20
북부운수,272,간선,면목동,남가좌동,41,6,47,195,4,7,04:15,22:30
메트로버스,273,간선,중랑공영차고지,홍대입구역,35,8,44,215,6,13,04:10,23:05
서울버스,301,간선,장지공영차고지,혜화동,44,8,48,210,5,11,04:00,22:30
진화운수,3011,지선,장지공영차고지,한남동,13,11,43,180,9,18,04:20,22:50
서울버스,3011,지선,장지공영차고지,한남동,13,11,43,180,9,18,04:20,22:50
동성교통,302,간선,상대원차고지,상왕십리역,29,12,55,220,9,15,04:00,22:45
동성교통,303,간선,상대원차고지,신설동역,39,9,55,210,6,15,04:00,22:20
남성버스,320,간선,복정역환승센터,중랑구청,24,9,39,150,7,11,04:00,23:00
서울승합,3212,지선,강동차고지,강변역,10,14,27,120,12,19,04:30,23:30
송파상운,3214,지선,마천동,강변역,11,13,26,112,11,15,04:40,23:20
신흥운수,3216,지선,오금동,경희대입구,22,13,38,165,9,22,04:30,22:40
한서교통,3217,지선,송파차고지,어린이대공원,20,9,43,180,7,13,04:30,22:45
신흥운수,3220,지선,오금동,청량리,18,17,37,150,9,20,04:30,22:40
대성운수,3313,지선,복정역환승센터,잠실새내역,18,8,21,,7,15,04:25,23:25
한서교통,3313,지선,복정역환승센터,잠실새내역,18,8,21,,7,15,04:25,23:25
송파상운,3314,지선,장지공영차고지,종합운동장,18,10,29,117,7,15,04:40,23:20
송파상운,3315,지선,장지공영차고지,삼전동사회복지관,23,7,27,120,5,8,04:30,23:20
송파상운,3316,지선,마천동,천호역,10,12,19,66,10,13,04:50,23:30
송파상운,3317,지선,남한산성입구,잠실새내역,12,8,18,80,8,8,04:30,23:30
서울승합,3318,지선,강동차고지,마천동,18,12,44,190,10,17,04:30,23:10
송파상운,3318,지선,강동차고지,마천동,18,12,44,190,10,17,04:30,23:10
진화운수,3319,지선,장지공영차고지,잠실역7번출구,10,17,23,110,13,25,04:30,23:30
서울승합,3321,지선,강동공영차고지,강동구청,9,14,24,110,12,18,04:30,23:40
송파상운,3321,지선,강동공영차고지,강동구청,9,14,24,110,12,18,04:30,23:40
한서교통,3322,지선,복정역환승센터,잠실종합운동장,20,11,27,120,7,15,04:00,23:20
대원여객,3323,지선,강동차고지,중앙보훈병원역,8,15,19,90,12,22,04:30,23:40
대성운수,333,간선,복정역환승센터,올림픽공원,28,11,47,228,9,15,04:00,23:00
서울승합,340,간선,강동공영차고지,강남역,35,7,41,185,5,10,04:30,23:10
대원여객,341,간선,강동공영차고지,우면동,24,12,46,220,10,18,04:30,22:20
서울승합,3411,지선,강동차고지,삼성역,19,11,35,160,9,15,04:30,23:20
서울승합,3412,지선,강동차고지,강남역,22,14,51,210,11,19,04:00,22:30
서울승합,3413,지선,강동차고지,수서경찰서,27,9,46,185,8,15,04:20,23:00
신흥운수,3414,지선,오금동,개포동,18,13,37,170,9,20,04:30,22:40
송파상운,3416,지선,마천동,은곡마을입구.리엔파크2단지,11,12,17,,9,15,04:40,23:30
진화운수,3417,지선,장지공영차고지,삼성역,23,7,25,110,5,10,04:30,23:30
서울승합,342,간선,강동공영차고지,압구정로데오역,25,11,47,210,9,15,04:00,22:30
동성교통,3420,지선,복정역환승센터,구반포역,3,12,49,210,9,15,04:00,22:30
남성버스,3420,지선,복정역환승센터,구반포역,3,12,49,210,9,15,04:00,22:30
진화운수,3422,지선,장지공영차고지,한티역,17,16,38,185,10,22,04:20,22:30
서울버스,3426,지선,서울버스종점,청담동,21,10,37,151,8,18,04:20,23:00
대성운수,343,간선,복정역환승센터,압구정역,18,15,41,173,12,18,04:00,22:40
대성운수,345,간선,복정역환승센터,구반포역,25,12,49,210,9,15,04:00,22:50
한서교통,350,간선,복정역환승센터,노들역,27,12,51,210,8,15,04:00,22:30
한국BRT,360,간선,복정역환승센터,여의도환승센터,53,6,56,235,5,10,04:00,22:50
남성버스,361,간선,복정역환승센터,여의도,27,11,54,230,9,15,04:00,22:30
송파상운,370,간선,강동공영차고지,충정로역,34,4,49,165,1,8,04:00,23:25
대원여객,370,간선,강동공영차고지,충정로역,34,4,49,165,1,8,04:00,23:25
삼성여객,400,간선,염곡동,시청,24,12,49,205,8,19,04:10,22:30
서울버스,401,간선,장지공영차고지,서울역,26,11,53,215,9,18,04:00,22:30
진화운수,402,간선,장지공영차고지,시청,38,9,56,225,6,15,04:00,00:05
삼성여객,405,간선,염곡동,시청광장,18,15,44,180,7,19,04:10,22:40
도선여객,406,간선,개포동,서울역,17,12,42,140,9,18,04:20,23:20
도선여객,420,간선,개포동,청량리,37,7,46,205,4,12,04:10,23:00
삼성여객,421,간선,염곡동차고지,옥수동,40,10,57,250,5,13,04:00,22:10
대흥교통,4211,지선,염곡동차고지,한양대동문앞,16,13,33,150,10,16,03:55,23:00
우신운수,4212,지선,남태령역,중곡역,28,8,35,160,5,12,04:00,23:00
동성교통,422,간선,구미동차고지,중곡역,15,18,60,225,15,25,04:30,23:00
도선여객,4312,지선,개포동,가락1동주민센터,28,9,43,210,7,14,04:30,22:50
우신운수,4318,지선,남태령역,동아한가람아파트,37,8,52,210,6,12,04:00,22:30
우신버스,4319,지선,전원마을,잠실역,20,14,33,160,10,17,04:20,23:00
우신운수,4319,지선,전원마을,잠실역,20,14,33,160,10,17,04:20,23:00
대성운수,440,간선,복정역환승센터,압구정동한양파출소앞,28,11,49,210,9,15,03:55,22:55
우신버스,441,간선,월암공영차고지,신사사거리,27,10,64,,8,14,04:20,22:20
동성교통,4425,지선,상대원차고지,삼성역,12,16,48,200,10,20,04:00,22:30
남성버스,4425,지선,상대원차고지,삼성역,12,16,48,200,10,20,04:00,22:30
도선여객,4432,지선,개포동,신원동,14,10,26,104,7,12,04:00,23:20
정평운수,4433,지선,대치역,양재역,8,9,12,60,6,12,05:40,23:30
도선여객,4435,지선,개포동차고지,서초역,12,13,26,100,10,16,04:20,23:30
남성버스,452,간선,복정역환승센터,중대병원,34,12,63,230,8,13,04:00,23:30
진화운수,461,간선,장지공영차고지,여의도공원,40,11,62,267,8,15,04:00,22:10
대흥교통,463,간선,염곡동차고지,국회의사당,30,10,50,215,7,15,04:00,22:15
다모아자동차,470,간선,상암차고지,안골마을,34,10,55,222,7,14,04:00,22:30
도선여객,472,간선,개포동차고지,신촌로타리,31,8,40,170,6,12,04:10,23:20
한남여객,501,간선,한남운수대학동차고지,종로2가,18,9,30,125,7,13,04:30,22:30
신인운수,5012,지선,가산동,용산역,23,12,45,185,8,17,04:20,22:30
우신버스,502,간선,월암공영차고지,한국은행.신세계,24,11,70,,10,15,04:10,22:50
보영운수,503,간선,광명공영차고지,서울역,16,14,45,195,11,19,04:15,22:20
한성운수,504,간선,광명공영주차장,남대문,33,7,44,185,5,10,03:55,22:40
범일운수,505,간선,노온사동,서울역,28,11,57,190,8,18,04:10,22:30
한남여객,506,간선,신림2동차고지,을지로입구역.광교,21,14,44,,11,16,04:30,22:30
우신버스,540,간선,군포공영차고지,서울성모병원,29,14,52,180,7,25,04:45,00:05
우신버스,541,간선,군포공영차고지,강남역,22,16,57,185,9,25,04:10,23:20
범일운수,5413,지선,시흥,고속터미널,27,7,36,142,5,12,04:20,23:10
대원여객,542,간선,부곡버스공영차고지,신사역,15,22,63,225,18,28,04:20,23:00
한남여객,5511,지선,신림2동차고지,중앙대학교,16,7,25,,6,15,05:30,23:30
관악교통,5515,지선,금호타운아파트,청림동현대아파트,5,9,11,60,5,12,05:30,23:30
한남여객,5515,지선,금호타운아파트,청림동현대아파트,5,9,11,60,5,12,05:30,23:30
한남여객,5516,지선,신림2동차고지,노량진역,19,8,24,,7,11,05:00,23:00
한남여객,5517,지선,한남운수대학동차고지,중앙대학교,16,13,37,,12,15,04:30,22:30
관악교통,5519,지선,용천사,우방아파트,6,14,8,60,7,20,06:00,23:25
보성운수,5522A난곡,지선,난곡,난곡,13,13,20,100,8,15,05:00,23:30
보성운수,5522B호암,지선,서울난향초등학교,신대방역,10,13,20,100,10,21,05:00,23:30
한남여객,5522B호암,지선,서울난향초등학교,신대방역,10,13,20,100,10,21,05:00,23:30
보성운수,5523,지선,난곡,서울대입구역,10,14,12,60,8,19,04:30,23:20
양천운수,5524,지선,난향차고지,중앙대학교,29,8,35,,7,12,04:00,22:30
범일운수,5525,지선,시흥동,보라매공원,7,17,16,70,14,27,04:50,23:20
신인운수,5528,지선,가산동,사당역,21,12,37,165,7,20,04:30,22:50
우신버스,5530,지선,군포공영차고지,사당역,26,12,57,,8,15,04:40,22:30
군포교통,5531,지선,군포공영차고지,노들역,42,8,51,213,6,10,04:20,22:30
한성운수,5535,지선,하안동,노량진,24,8,38,170,6,12,04:20,22:40
한성운수,5536,지선,하안동,중앙대,22,9,28,135,5,16,04:10,22:40
범일운수,5537,지선,시흥동,가산디지털단지역,6,15,11,49,12,20,04:30,23:30
한남여객,5611,지선,가산동,신도림역,5,17,12,57,12,25,04:20,23:20
보성운수,5615,지선,난곡,여의도,19,10,28,120,7,15,04:10,23:00
한남여객,5616,지선,가산동,영도중학교,18,15,45,205,13,22,04:20,22:20
범일운수,5617,지선,시흥,구로디지털단지역,8,10,11,41,7,12,04:50,23:50
보성운수,5618,지선,구로동,구로동,23,11,34,,8,17,03:30,22:10
범일운수,5619,지선,시흥동,신도림역,13,11,19,84,8,15,04:30,23:30
범일운수,5620,지선,시흥,선유도역,21,8,28,119,7,12,04:30,23:10
범일운수,5621,지선,삼익아파트,구로디지털단지역,8,8,6,30,6,10,05:20,23:50
군포교통,5623,지선,군포공영차고지,여의도,37,9,56,222,7,12,04:00,22:20
서울매일버스,5625,지선,안양비산동,영등포역(영등포시장),19,11,42,175,7,5,04:00,22:40
서울매일버스,5626,지선,안양비산동,온수동종점,27,12,49,201,8,16,04:00,22:25
범일운수,5627,지선,노온사동,구로디지털단지역,11,18,36,124,14,20,04:30,23:30
보영운수,5630,지선,광명공영차고지,목동역,14,15,28,140,12,21,04:15,22:50
범일운수,5633,지선,노온사동,순복음교회,21,14,56,193,11,20,04:20,22:50
보영운수,5634,지선,광명공영차고지,여의도,15,13,28,135,10,20,04:15,22:50
신인운수,571,간선,가산동,진관공영차고지,28,11,58,240,7,18,04:20,22:30
한남여객,5712,지선,가산동기점,홍대입구역,27,9,44,190,7,12,04:30,22:30
서울매일버스,5713,지선,안양비산동,신촌기차역,25,9,52,210,6,13,04:05,22:25
보영운수,5714,지선,광명공영차고지,이대입구,36,8,42,205,6,13,04:15,22:10
공항리무진,6001,공항,인천공항,동대문,26,15,146,215,12,17,04:30,22:50
공항리무진,6002,공항,인천공항,청량리역,26,17,161,265,12,20,04:10,23:10
공항리무진,6003,공항,인천공항,서울대학교,18,25,156,290,20,30,04:20,22:50
공항리무진,6004,공항,인천공항,가산디지털단지역,12,35,151,,30,40,04:25,22:45
공항리무진,6005,공항,인천공항,서울시청(서울신문사),7,65,149,230,60,70,04:30,22:40
서울공항리무진,6006,공항,몽촌토성역,인천공항,16,65,179,250,25,95,04:00,20:30
공항리무진,6007,공항,인천공항T2,국회의사당.글래드호텔,7,45,145,180,40,50,04:30,22:40
공항리무진,6008,공항,해군호텔,인천공항,6,55,146,200,60,70,04:20,20:00
서울공항리무진,6009,공항,가락1동주민센터,인천공항,21,25,188,264,15,35,03:55,20:10
다모아자동차,601,간선,개화동,혜화역,28,12,52,185,7,14,04:00,22:50
공항리무진,6010,공항,왕십리역,인천국제공항,9,70,137,,60,80,04:10,22:50
공항리무진,6011,공항,월계동대우아파트,인천공항,14,25,160,240,20,30,04:10,20:10
공항리무진,6012,공항,구파발역,인천공항,8,70,141,,60,80,04:30,20:00
공항리무진,6013,공항,인천공항,홈플러스면목점,14,30,167,240,20,40,04:20,23:05
공항리무진,6014,공항,광명종합터미널,인천공항,12,45,146,230,30,60,04:25,20:00
공항리무진,6015,공항,인천공항,동대문,28,13,139,210,10,15,04:20,22:40
공항리무진,6016,공항,서울교육대,인천공항,11,60,155,230,50,70,04:20,20:00
공항리무진,6017,공항,인천공항,서울대호암교수회관,10,50,135,,40,60,04:20,22:50
공항리무진,6018,공항,신도림역,인천공항,7,70,135,220,60,80,04:20,20:00
공항리무진,6019,공항,인천공항,내방역,8,50,,,40,60,04:20,22:45
양천운수,602,간선,양천공영차고지,시청앞,26,10,39,165,6,12,04:10,22:30
서울공항리무진,6020,공항,역삼역,인천공항,14,60,143,,30,80,04:00,20:10
중부운수,603,간선,신월동,시청,21,10,36,,6,15,04:20,23:00
신길교통,604,간선,신월동기점,중구청앞,21,13,42,169,9,17,04:00,22:50
신길교통,606,간선,부천상동,조계사,22,15,63,220,12,20,04:00,22:30
한국도심공항,6100,공항,망우역,인천공항,16,20,220,220,15,25,04:20,19:50
한국도심공항,6101,공항,창동역,김포공항,4,40,92,120,35,45,04:25,20:05
한국도심공항,6102,공항,쌍문역,인천공항,12,40,190,200,20,60,04:20,19:00
한국도심공항,6103,공항,도심공항,인천공항,18,35,184,200,25,40,04:15,20:40
한국도심공항,6105,공항,솔샘역,김포공항,5,50,76,140,35,60,04:25,17:50
서울공항리무진,6200,공항,황산,인천공항,17,40,204,250,17,60,03:55,19:35
중부운수,6211,지선,신월동,상왕십리,24,11,53,,8,14,04:20,22:30
서울공항리무진,6300,공항,미사강변18단지강일리버10단지,인천공항,17,40,207,275,15,60,04:00,19:40
중부운수,640,간선,신월동기점,강남역,21,10,38,,3,15,04:20,22:50
중부운수,641,간선,문래동,양재동,36,6,41,,3,12,04:10,22:40
한남여객,6411,지선,신정동,선릉역,27,12,55,250,9,19,03:45,22:15
관악교통,643,간선,양천차고지,강남역,28,10,45,184,6,11,04:30,22:40
영인운수,650,간선,외발산동,낙성대입구,26,9,42,190,6,15,04:00,22:40
한남여객,6511,지선,구로동,서울대,12,20,38,180,17,27,04:00,23:00
보성운수,6512,지선,구로동,서울대,24,10,37,,7,18,03:50,22:30
도원교통,6514,지선,양천공영차고지,서울대학교,27,13,51,220,8,14,04:00,22:00
관악교통,6515,지선,양천공영차고지,경인교육대학교,33,10,54,219,7,14,04:10,22:10
신길교통,652,간선,신월동기점,금천우체국,27,9,48,220,6,15,04:00,22:40
신길교통,653,간선,외발산동기점,가산디지털단지역,11,16,28,110,10,23,04:30,23:20
영인운수,653,간선,외발산동기점,가산디지털단지역,11,16,28,110,10,23,04:30,23:20
서울교통네트웍,660,간선,온수동,가양역,20,15,46,194,12,20,04:00,22:30
보성운수,660,간선,온수동,가양역,20,15,46,194,12,20,04:00,22:30
서울공항리무진,6600,공항,거여역7번출구,인천공항,4,190,192,,60,230,04:00,17:15
신길교통,661,간선,부천상동,영등포신세계백화점,18,17,53,205,12,25,04:00,22:40
세풍운수,6614,지선,양천공영차고지,부천옥길지구,15,15,36,135,11,22,04:30,22:40
세풍운수,6615,지선,양천공영차고지,천왕역,7,18,19,90,13,25,04:30,23:00
세풍운수,6616,지선,철산동,온수동,13,14,27,,11,20,04:30,23:10
도원교통,6617,지선,양천공영차고지,목동우성아파트,10,11,19,88,9,15,05:00,23:30
영인운수,662,간선,외발산동기점,여의나루역,17,15,37,150,8,16,04:00,23:10
도원교통,6620,지선,양천공영차고지,당산역,9,15,25,109,13,19,05:00,23:30
양천운수,6623,지선,양천공영차고지,여의도,14,14,32,135,10,18,04:10,22:50
중부운수,6624,지선,신월동,이대목동병원,17,9,24,,7,14,05:00,23:40
중부운수,6625,지선,문래동,화곡역,12,14,30,,9,22,04:30,23:00
양천운수,6627,지선,양천공영차고지,이대목동병원,13,14,28,130,11,18,04:30,23:00
영인운수,6628,지선,외발산동,여의도,25,11,27,125,5,10,04:10,23:20
영인운수,6630,지선,외발산동기점,영등포시장연흥극장,15,16,37,,10,25,04:20,22:50
공항버스,6632,지선,강서공영차고지.개화역,당산역,17,11,35,130,8,16,04:30,23:00
공항버스,6633,지선,강서공영차고지,여의도역,11,21,52,220,15,30,04:20,22:50
범일운수,6637,지선,노온사동,목동,30,8,37,140,5,10,04:30,23:10
세풍운수,6638,지선,철산동,오목교,13,13,26,,9,15,04:30,23:00
정평운수,6642,지선,강서공영차고지,가양9단지,13,12,31,144,11,15,04:40,22:30
정평운수,6647,지선,강서공영차고지.개화역,강서면허시험장.메이필드호텔,13,8,24,100,4,15,05:00,23:00
김포교통,6648,지선,방화동,양천구청,13,15,29,158,12,18,04:30,23:00
도원교통,6657,지선,양천공영차고지,강서한강자이아파트,6,18,19,97,15,24,05:00,23:00
한국공항리무진,6701,공항,인천공항,서울가든호텔,11,40,154,195,25,50,04:15,22:25
한국공항리무진,6702,공항,인천공항,앰배서더호텔,11,40,168,265,35,45,04:00,23:05
한국공항리무진,6703,공항,인천공항,임피리얼팰리스호텔,10,55,168,235,40,65,04:00,22:55
한국공항리무진,6705A,공항,인천공항,워커힐호텔,15,35,196,285,30,35,04:50,23:15
세풍운수,6713,지선,철산동,홍대입구역,21,11,38,165,10,18,04:30,22:20
양천운수,6714,지선,양천공영차고지,이대부고,11,17,34,130,13,20,04:30,23:00
중부운수,6715,지선,신월동,상암동,20,8,30,130,5,14,04:30,23:20
세풍운수,6716,지선,양천공영차고지,이대입구,30,11,48,180,8,15,04:30,22:20
신길교통,673,간선,부천상동,이대부고,17,18,51,200,11,21,04:30,22:50
보광교통,674,간선,신월동기점,연세대,12,13,28,120,10,19,04:20,23:00
신길교통,674,간선,신월동기점,연세대,12,13,28,120,10,19,04:20,23:00
동해운수,700,간선,대화동,숭례문,25,16,62,195,8,15,04:30,00:00
한국BRT,701,간선,진관차고지,종로2가,22,11,38,148,8,16,04:00,23:00
유성운수,7011,지선,은평차고지,중구청,21,10,36,,7,17,04:30,23:10
유성운수,7013A,지선,은평차고지,남대문시장,9,22,39,150,15,30,04:30,23:00
유성운수,7013B,지선,은평차고지,남대문시장,9,22,39,150,15,30,04:45,23:10
유성운수,7016,지선,은평차고지,상명대,32,9,50,195,5,17,04:30,22:30
보광교통,7017,지선,은평차고지,롯데백화점,23,11,37,165,7,16,04:30,23:00
서부운수,7018,지선,북가좌동,무교동,18,10,26,115,6,20,04:15,23:00
현대교통,7019,지선,은평차고지,서소문,27,10,39,158,6,17,04:30,22:55
보광교통,7021,지선,은평차고지,을지로입구,23,9,34,155,7,15,04:30,23:00
선진운수,7022,지선,구산동,서울역,20,11,31,124,4,15,04:30,23:10
원버스,7024,지선,봉원사,서울역,5,16,14,75,8,24,05:30,23:10
선진운수,7025,지선,은평차고지,종로6가,17,19,33,138,5,24,04:10,23:20
선진운수,702A서오릉,간선,서오릉,종로1가,26,7,31,,5,14,04:00,23:00
선진운수,702B용두초교,간선,용두초교,종로1가,16,14,32,123,9,23,04:05,23:05
서울매일버스,703,간선,탄현역,숭례문,14,20,66,213,14,25,04:30,22:30
제일여객,704,간선,송추,서울역환승센터,18,15,54,160,9,22,04:00,22:30
신수교통,705,간선,진관공영차고지,롯데백화점,14,15,38,144,13,20,03:50,23:00
선진운수,707,간선,고양시가좌동,롯데백화점,24,16,79,240,7,26,04:20,22:50
한국BRT,708,간선,진관차고지,서울역,16,12,34,140,10,18,04:30,23:20
다모아자동차,710,간선,상암차고지,수유역.강북구청,24,9,49,177,6,14,03:50,22:40
제일여객,720,간선,진관공영차고지,답십리,35,9,49,190,5,14,04:00,23:10
서부운수,721,간선,북가좌동,건대입구역,39,8,43,180,5,13,04:20,22:40
제일여객,7211,지선,진관공영차고지,신설동,13,15,49,175,7,15,04:10,23:00
신수교통,7211,지선,진관공영차고지,신설동,13,15,49,175,7,15,04:10,23:00
선진운수,7212,지선,은평차고지,극동그린아파트앞,27,12,59,210,8,20,04:00,22:10
신촌교통,740,간선,덕은동,삼성역,31,12,49,175,6,12,04:00,22:40
한국BRT,741,간선,진관차고지,세곡동사거리,35,10,66,229,5,16,04:00,22:50
선진운수,742,간선,구산동,교대역,33,11,58,260,7,13,04:00,22:10
신촌교통,750A,간선,덕은동종점,서울대학교,17,10,47,159,5,14,04:00,21:35
유성운수,750A,간선,덕은동종점,서울대학교,17,10,47,159,5,14,04:00,21:35
선진운수,752,간선,구산동,노량진,29,11,51,174,7,13,04:00,22:20
선진운수,753,간선,구산동,상도동,22,12,49,202,9,20,04:10,22:20
동해운수,760,간선,대화동,영등포소방서타임스퀘어,21,17,61,210,12,20,04:30,23:00
신수교통,761,간선,진관공영차고지,영등포역,20,13,39,160,10,17,04:00,23:20
현대교통,7611,지선,은평차고지,여의도,17,14,39,147,8,18,04:10,22:40
현대교통,7612,지선,홍연2교,영등포구청역,17,10,20,92,5,14,04:33,23:40
선진운수,7613,지선,구산동,여의도,16,14,35,160,12,21,04:30,23:00
동해운수,771,간선,대화동종점,디지털미디어시티역,11,24,53,185,16,27,04:10,23:30
신촌교통,7711,지선,덕은동종점,홍대입구역,9,12,13,68,8,20,04:30,00:00
현대교통,7713,지선,홍연2교,신촌오거리,12,11,24,114,9,19,05:00,23:30
선진운수,7715,지선,은평차고지,연신내역,13,10,26,95,9,12,04:30,23:30
서부운수,7719,지선,북가좌동,홍제동,3,25,13,,20,30,04:20,23:00
선진운수,7720,지선,구산동,신촌,16,12,28,109,7,18,04:30,23:10
신수교통,7722,지선,진관공영차고지,녹번역,10,13,19,88,9,20,04:30,23:50
신수교통,7723,지선,진관공영차고지,구파발역,8,13,17,65,10,17,04:30,00:00
신촌교통,7726,지선,덕은동종점,모래내삼거리,7,21,28,91,19,23,05:00,00:00
신촌교통,7727,지선,설문동,신촌,22,12,61,200,9,15,04:30,22:50
동해운수,7728,지선,대화동,신촌,22,15,58,210,10,19,04:00,22:10
제일여객,773,간선,교하운정,불광역,19,17,84,235,15,20,04:30,00:30
보광교통,7730,지선,은평차고지,이북오도청,20,10,31,140,8,15,04:30,23:00
신수교통,7734,지선,진관공영차고지,홍대입구역,19,10,33,155,7,14,04:00,23:00
원버스,7737,지선,은평공영차고지,파크빌아파트,14,11,27,145,9,15,05:05,23:10
원버스,7738,지선,은평공영차고지,홍제역,13,8,19,,7,13,05:00,23:20
신수교통,774,간선,진관차고지,파주읍,19,17,74,210,12,20,03:40,23:00
대진여객,8002,지선,상명대앞,경복궁역,1,25,8,40,20,30,10:30,18:00
대진여객,8003,지선,평창동주민센터,평창동주민센터,2,40,7,40,20,40,06:00,23:00
진아교통,8101,지선,도봉보건소,서소문,6,7,30,180,7,7,07:30,08:05
아진교통,8101,지선,도봉보건소,서소문,6,7,30,180,7,7,07:30,08:05
한성여객,8101,지선,도봉보건소,서소문,6,7,30,180,7,7,07:30,08:05
선일교통,8101,지선,도봉보건소,서소문,6,7,30,180,7,7,07:30,08:05
삼양교통,8101,지선,도봉보건소,서소문,6,7,30,180,7,7,07:30,08:05
동아운수,8111,지선,북악중학교,국민대앞,5,18,15,80,15,20,06:30,09:05
도원교통,8111,지선,북악중학교,국민대앞,5,18,15,80,15,20,06:30,09:05
흥안운수,8112,지선,온곡중학교,수락리버시티1단지정문,4,15,11,60,15,15,06:30,09:15
삼화상운,8112,지선,온곡중학교,수락리버시티1단지정문,4,15,11,60,15,15,06:30,09:15
흥안운수,8146,간선,7단지영업소,강남역,3,5,57,231,5,5,03:50,04:00
한성여객,8146,간선,7단지영업소,강남역,3,5,57,231,5,5,03:50,04:00
북부운수,8221,지선,장안2동주민센터,답십리역,5,10,11,46,8,13,06:40,08:40
태릉교통,8221,지선,장안2동주민센터,답십리역,5,10,11,46,8,13,06:40,08:40
한성운수,8221,지선,장안2동주민센터,답십리역,5,10,11,46,8,13,06:40,08:40
상진운수,8221,지선,장안2동주민센터,답십리역,5,10,11,46,8,13,06:40,08:40
진화운수,8331,지선,마천동사거리,잠실역8번,9,11,6,,9,12,07:20,09:20
신흥운수,8331,지선,마천동사거리,잠실역8번,9,11,6,,9,12,07:20,09:20
서울승합,8332,지선,강동리버스트상가,천일초교사거리,4,22,15,80,18,25,06:10,09:10
대원여객,8332,지선,강동리버스트상가,천일초교사거리,4,22,15,80,18,25,06:10,09:10
진화운수,8441,지선,은곡마을.LH이편한세상,수서역5번출구,4,16,10,43,10,20,06:50,08:40
태진운수,8441,지선,은곡마을.LH이편한세상,수서역5번출구,4,16,10,43,10,20,06:50,08:40
관악교통,8541,지선,호압사,강남역,3,20,29,120,7,20,04:00,04:40
보성운수,8552,지선,신림복지관앞,신림역,2,10,8,28,9,11,07:00,09:00
보영운수,8552,지선,신림복지관앞,신림역,2,10,8,28,9,11,07:00,09:00
보영운수,8561,지선,신림동,여의도환승센터,5,11,12,60,10,11,06:30,09:00
한성운수,8561,지선,신림동,여의도환승센터,5,11,12,60,10,11,06:30,09:00
군포교통,8561,지선,신림동,여의도환승센터,5,11,12,60,10,11,06:30,09:00
중부운수,8641,지선,구로동,개포동,2,5,53,226,5,5,03:45,03:50
관악교통,8661,지선,역곡역,천왕역4번출구,3,18,11,50,15,20,06:30,08:55
현대교통,8671,지선,문래동시점,아현초등학교,4,18,18,80,15,20,06:30,09:05
중부운수,8671,지선,문래동시점,아현초등학교,4,18,18,80,15,20,06:30,09:05
선진운수,8701,지선,은평뉴타운,서소문,3,10,27,120,10,10,07:20,17:30
신촌교통,8762,지선,디지털미디어시티역,가양역.마포중고등학교,4,16,13,52,14,17,06:30,19:54
유성운수,8762,지선,디지털미디어시티역,가양역.마포중고등학교,4,16,13,52,14,17,06:30,19:54
선진운수,8774,지선,구산동,서대문구청,5,23,19,108,20,25,04:30,23:00
원버스,8777,지선,난지캠핑장,월드컵경기장남측,2,23,11,50,20,25,10:00,20:00
보광교통,8777,지선,난지캠핑장,월드컵경기장남측,2,23,11,50,20,25,10:00,20:00
동성교통,9401,광역,구미동차고지,서울역,50,5,72,153,3,8,04:30,23:00
남성버스,9401,광역,구미동차고지,서울역,50,5,72,153,3,8,04:30,23:00
남성버스,9401-1,광역,푸른마을,서울시중부기술교육원.블루스퀘어,5,15,56,120,10,20,06:00,23:00
동성교통,9401-1,광역,푸른마을,서울시중부기술교육원.블루스퀘어,5,15,56,120,10,20,06:00,23:00
남성버스,9404,광역,분당구미동,신사역,26,7,56,140,6,11,04:00,23:30
남성버스,9408,광역,분당구.구미동,고속터미널,18,15,66,220,10,18,04:00,22:40
선진운수,9707,광역,고양.가좌동,영등포역,29,12,66,166,6,20,05:00,00:00
서울매일버스,9711,광역,일산동부경찰서,양재역,25,12,91,230,7,21,04:50,23:30
제일여객,9714,광역,교하.운정,서울역,7,40,75,190,25,50,05:00,01:00
흥안운수,N13,간선,상계주공7단지,복정역환승센터,7,18,75,240,15,20,23:30,03:40
한국BRT,N13,간선,상계주공7단지,복정역환승센터,7,18,75,240,15,20,23:30,03:40
우신운수,N15,간선,우이동,남태령역,7,20,76,250,10,30,23:40,03:30
동아운수,N15,간선,우이동,남태령역,7,20,76,250,10,30,23:40,03:30
다모아자동차,N26,간선,강서공영차고지,중랑공영차고지,9,20,73,240,15,25,00:00,03:25
메트로버스,N26,간선,강서공영차고지,중랑공영차고지,9,20,73,240,15,25,00:00,03:25
서울승합,N30,간선,강동공영차고지,서울역환승센터,4,30,48,145,25,35,23:10,03:50
대진여객,N31,간선,강동공영차고지,국민대,4,38,74,250,35,40,23:30,03:50
대원여객,N31,간선,강동공영차고지,국민대,4,38,74,250,35,40,23:30,03:50
제일여객,N37,간선,복정역환승센터,진관공영차고지,8,25,73,220,20,30,00:00,03:10
한국BRT,N37,간선,복정역환승센터,진관공영차고지,8,25,73,220,20,30,00:00,03:10
신수교통,N37,간선,복정역환승센터,진관공영차고지,8,25,73,220,20,30,00:00,03:10
한성여객,N51,간선,시흥동차고지,하계동차고지,4,35,77,240,30,40,23:40,03:35
범일운수,N51,간선,시흥동차고지,하계동차고지,4,35,77,240,30,40,23:40,03:35
공항리무진,N6000,공항,인천공항T1,강남고속버스터미널,3,50,73,,50,50,23:30,02:50
공항리무진,N6001,공항,인천공항T1,서울역,3,55,125,,50,55,23:00,03:20
공항리무진,N6002,공항,고속터미널서울역,인천공항(T2),1,200,140,,200,200,23:30,02:40
관악교통,N61,간선,양천공영차고지,상계주공7단지,6,15,89,280,10,20,23:40,04:10
영인운수,N61,간선,양천공영차고지,상계주공7단지,6,15,89,280,10,20,23:40,04:10
삼화상운,N61,간선,양천공영차고지,상계주공7단지,6,15,89,280,10,20,23:40,04:10
경성여객,N62,간선,양천공영차고지,면목동차고지,8,20,72,240,15,20,23:40,03:10
도원교통,N62,간선,양천공영차고지,면목동차고지,8,20,72,240,15,20,23:40,03:10
삼성여객,N64,간선,강서공영차고지,염곡공영차고지,4,28,70,230,25,30,23:40,03:15
공항버스,N64,간선,강서공영차고지,염곡공영차고지,4,28,70,230,25,30,23:40,03:15
한국공항리무진,N6701,공항,인천공항,DDP,2,245,188,,245,245,23:10,03:40
한국공항리무진,N6703,공항,인천공항,롯데월드호텔,2,240,184,,240,240,23:20,03:40
선진운수,N73,간선,복정역환승센터,구산동차고지,4,28,76,260,25,30,23:30,03:45
한국BRT,N73,간선,복정역환승센터,구산동차고지,4,28,76,260,25,30,23:30,03:45
신수교통,N75,간선,진관공영차고지,신림2동차고지,12,30,88,260,25,30,23:00,03:50
제일여객,N75,간선,진관공영차고지,신림2동차고지,12,30,88,260,25,30,23:00,03:50
한남여객,N75,간선,진관공영차고지,신림2동차고지,12,30,88,260,25,30,23:00,03:50
서울시티투어버스,TOUR01,관광,광화문,광화문,6,30,35,120,25,30,09:00,17:30
서울시티투어버스,TOUR04,관광,광화문,광화문,1,0,38,90,0,0,19:30,19:30
노랑풍선시티버스,TOUR11,관광,동대문디자인프라자,동대문디자인프라자,3,40,25,100,40,40,09:30,17:10
노랑풍선시티버스,TOUR12,관광,동대문디자인프라자,동대문디자인프라자,3,65,30,105,65,65,10:00,17:05
일원교통,강남01,마을,일원동,삼성웨딩홀,10,24,12,70,23,27,06:00,22:58
포이운수,강남02,마을,강남구민체육관,양재역,9,10,7,57,9,14,05:55,23:30
일원교통,강남03,마을,강남데시앙포레,LH푸르지오,7,15,12,60,14,26,06:00,22:40
개포운수,강남05,마을,구룡마을,석촌역,11,10,20,74,8,17,05:40,23:30
은곡운수,강남06,마을,세곡푸르지오,삼성역7번출구,13,11,22,110,9,15,05:30,23:10
은곡운수,강남06-1,마을,리엔파크4.5단지,한아름아파트.사이룩스오피스텔,2,20,8,40,16,48,06:10,23:10
은곡운수,강남06-2,마을,리엔파크4.5단지,한아름아파트.사이룩스오피스텔,2,20,8,40,17,25,06:00,23:01
스마일버스,강남07,마을,서울의료원후문,양재역,16,15,16,80,11,23,05:30,22:42
계현운수,강남08,마을,신사역,삼성역,5,22,12,55,18,25,06:00,23:00
신흥기업,강남10,마을,개포주공7단지앞,양재역,10,14,16,85,11,20,06:00,23:00
신명운수,강동01,마을,지식산업센터,강변역,13,11,24,138,9,14,05:30,22:50
강동교통,강동02,마을,가래여울,암사동서원마을,12,16,23,140,12,20,05:55,23:20
강동교통,강동05,마을,강동공영차고지,천호역현대백화점,14,13,21,140,10,19,05:50,23:15
인수운수,강북01,마을,아카데미하우스,수유역,8,9,9,56,8,10,05:30,23:35
화계마을,강북02,마을,새마을연수원,수유역,7,8,5,38,6,12,05:30,23:45
수유마을,강북03,마을,빨래골,수유역,7,8,5,38,7,10,05:20,00:00
미봉운수,강북04,마을,연일슈퍼,미아역.수유시장,5,14,5,40,8,25,05:20,23:45
미봉운수,강북05,마을,번동초등학교,한일아파트,15,10,8,75,5,20,05:17,23:50
미봉운수,강북06,마을,번동초등학교,미아사거리역,8,6,7,39,4,7,05:20,23:45
하이상운,강북08,마을,두산위브아파트,현대백화점,3,8,6,39,1,23,05:50,23:50
복지운수,강북09,마을,미아사거리역.빅토리아호텔,수유역.강북구청,9,9,18,64,8,10,05:30,00:10
미향운수,강북10,마을,솔샘터널,미아역,6,7,4,30,5,8,05:20,23:45
드림운수,강북11,마을,미아사거리역.빅토리아호텔,수유역.강북구청,8,11,17,64,10,12,05:30,00:00
하이상운,강북12,마을,SK북한산시티아파트,현대백화점별관.성북우체국,4,10,6,39,2,22,05:48,23:59
화곡운수,강서01,마을,약수터,등촌역1번출구,7,11,12,56,9,15,05:50,23:30
화곡운수,강서02,마을,남부시장,남부시장,1,25,8,50,25,25,06:00,23:00
부민운수,강서02,마을,남부시장,남부시장,1,25,8,50,25,25,06:00,23:00
부민운수,강서03,마을,약수터,신정여상,7,13,11,75,10,20,05:40,23:10
염동운수,강서04,마을,경복여고,염창역,5,12,8,35,7,22,05:50,23:10
대운교통,강서05,마을,강서농수산물시장,발산역,20,10,18,90,7,14,05:30,23:20
대운교통,강서05-1,마을,다솔마을,송정중학교,2,25,6,40,25,25,05:55,23:00
염동운수,강서06,마을,수명산,벽산아파트,8,11,12,55,8,23,05:45,23:10
염동운수,강서07,마을,생태공원,마곡역,2,25,13,55,25,25,05:40,23:10
은천운수,관악01,마을,봉천역,숭실대입구역,12,7,10,37,6,10,05:20,23:50
인헌운수,관악02,마을,낙성대역,서울대신공학관,17,5,10,41,3,7,06:00,23:55
금강운수,관악03,마을,국사봉,신림역,7,6,4,30,5,7,05:20,00:00
인헌운수,관악04,마을,군인아파트,사랑의병원,6,6,5,31,5,7,06:00,23:55
인헌운수,관악05,마을,현대아파트,신림역4번출구,6,6,4,25,5,7,06:00,23:55
신호운수,관악06,마을,보명사.법화사,신대방역,9,4,6,40,3,7,05:30,23:50
신림운수,관악07,마을,청림동푸르지오아파트121,서울대입구역,2,10,2,15,8,12,05:30,23:40
세광운수,관악07,마을,청림동푸르지오아파트121,서울대입구역,2,10,2,15,8,12,05:30,23:40
신림운수,관악08,마을,난향동공영차고지,신림역4번출구,8,11,10,45,9,12,05:25,23:44
세광운수,관악08,마을,난향동공영차고지,신림역4번출구,8,11,10,45,9,12,05:25,23:44
난곡운수,관악10,마을,아카시아마을,신림역4번출구,9,6,6,35,4,8,05:30,23:50
은성운수,관악11,마을,봉천역,재넘이고개,3,16,3,21,8,25,05:30,23:30
광장운수,광진01,마을,광진정보도서관,워커힐아파트,8,12,14,70,10,20,06:00,23:25
구의교통,광진02,마을,긴고랑,군자역,2,18,5,40,10,25,06:00,22:20
구의교통,광진03,마을,용암사입구,강변역,9,7,13,66,5,11,05:55,23:15
구의교통,광진04,마을,중곡아파트,강변역,7,9,14,68,7,12,06:00,22:35
한빛운수,광진05,마을,신자초등학교,강변역,12,7,9,53,6,10,06:00,23:30
오봉운수,구로01,마을,개봉역,금옥여고,8,7,6,35,6,10,05:45,23:40
오봉운수,구로02,마을,개봉역,개봉중학교,5,9,5,30,7,12,05:45,23:40
개웅운수,구로03,마을,개봉한진아파트,개봉역,6,6,3,20,5,8,05:40,23:45
개웅운수,구로04,마을,천왕이펜하우스6단지,개봉역,5,10,8,40,9,14,05:48,23:25
고척운수,구로05,마을,오류중학교,개봉역,8,9,8,48,8,12,05:50,00:05
구로운수,구로06,마을,개봉역,센추리아파트,7,7,6,42,6,8,06:00,23:40
신오류운수,구로07,마을,오류동역,항동지구,5,17,13,84,15,25,05:45,23:30
오봉운수,구로08,마을,개봉역,오류역,5,13,8,40,11,17,05:45,23:40
서북교통,구로09,마을,동아1차105동,구로디지털단지역,14,12,15,74,8,15,05:50,23:25
수빈운수,구로10,마을,대림역,구일역,7,11,10,50,9,16,05:50,23:55
수현운수,구로11,마을,대림역,개봉역,8,14,12,64,12,18,05:50,23:50
수빈운수,구로12,마을,개봉역,거성아파트,1,21,3,20,19,22,05:50,23:50
수빈운수,구로13,마을,구로1동주민센터,구로1동주민센터,3,10,8,30,9,25,06:00,00:00
신오류운수,구로14,마을,천왕이펜하우스6단지입구,천왕역,2,24,8,42,22,25,05:45,23:30
신오류운수,구로15,마을,오류동역,오류동역,1,25,6,25,25,25,05:55,23:35
범일운수,금천01,마을,독산역입구,벽산아파트,18,4,9,42,3,6,05:20,23:50
범일운수,금천02,마을,벽산3단지,안천중학교,3,21,10,52,17,25,05:40,23:40
대상운수,금천03,마을,가산디지털단지,구로디지털단지역,14,5,7,40,3,8,05:20,00:00
대상운수,금천04,마을,기아자동차,금천구청역,8,8,10,42,6,15,05:20,00:00
경성운수,금천05,마을,독산한신아파트,가산디지털단지역,8,11,10,45,6,25,05:10,23:42
우리마을버스,금천06,마을,시흥1동공영주차장,구로디지털단지역,9,14,13,50,8,25,05:00,23:40
경성운수,금천07,마을,시흥1동공영주차장,구로디지털단지역,8,18,14,65,15,25,05:50,22:50
금천운수,금천08,마을,독산고등학교,금천구청역,9,9,13,58,7,13,05:50,23:30
여진운수,금천11,마을,산기슭공원,석수역,4,23,10,50,20,25,05:20,23:00
성서교통,노원01,마을,보람사거리,상계역,2,15,3,18,10,20,06:00,23:55
오렌지버스,노원02,마을,수락리버시티1단지,노원구청,9,11,15,68,8,16,05:30,23:40
금창운수,노원03,마을,석계역,하계역,5,25,9,42,25,25,05:30,00:10
금창운수 월계점,노원03,마을,석계역,하계역,5,25,9,42,25,25,05:30,00:10
성서교통,노원05,마을,온곡초,창동역,5,14,8,43,11,16,05:40,23:45
수락운수,노원08,마을,상계8동주민센터,창동역,7,7,8,42,7,9,05:55,23:39
한마음교통,노원09,마을,북부기술교육원,삼창아파트,8,23,12,60,20,25,05:50,23:30
성서교통,노원11,마을,수락현대아파트,상계역,6,15,7,50,10,20,05:50,23:50
금창운수,노원13,마을,석계역,서울과학기술대,4,23,7,50,20,25,05:35,00:00
금창운수 월계점,노원13,마을,석계역,서울과학기술대,4,23,7,50,20,25,05:35,00:00
번창교통,노원14,마을,청백아파트,세그루학원,16,8,17,74,7,13,05:30,23:40
번창교통,노원15,마을,청백아파트,덕성여대,27,15,28,135,9,20,05:00,23:00
청록운수,도봉01,마을,법종사,창동역,5,12,11,50,9,15,06:00,00:05
청록운수,도봉02,마을,우이동,수유역,9,6,8,36,5,10,06:00,00:05
청록운수,도봉03,마을,꽃동네,수유역,4,12,5,33,8,15,05:30,00:08
청록운수,도봉04,마을,동익아파트,수유역,3,11,5,24,8,13,06:00,00:08
쌍문운수,도봉05,마을,한일병원,우이동,10,14,10,50,12,15,05:30,23:55
쌍문운수,도봉06,마을,한일병원,벽산아파트,8,14,7,40,12,15,05:30,23:50
쌍문운수,도봉07,마을,도봉여성센터,창2동건영아파트,13,12,8,50,10,14,05:30,23:35
진양교통,도봉08,마을,창동역,무수골,4,18,9,55,16,20,05:30,00:10
진양교통,도봉09,마을,창동역,도봉산역,15,10,14,75,7,13,05:30,00:10
우리운송,동대문01,마을,회기역,경희의료원,5,9,2,25,8,15,06:00,22:30
우리운송,동대문02,마을,회기역,외대앞역,4,11,5,30,10,15,06:00,22:30
휘경운수,동대문03,마을,서울가든아파트,회기역,8,8,7,41,5,10,06:00,23:30
태현교통,동대문05,마을,답십리역,청량리역,10,14,10,60,8,25,06:00,00:00
흑석운수,동작01,마을,달마사,대방역,16,5,11,60,4,7,05:20,23:40
상도3동마을,동작02,마을,사자암,노량진역,5,21,7,50,18,25,06:00,22:50
노들마을,동작03,마을,신대방삼거리역,노들역,8,12,10,53,9,24,06:00,23:40
보라매마을,동작05,마을,대방역,신대방역,7,19,12,60,16,22,05:50,23:50
보라매마을,동작05-1,마을,대방역,신대방역,7,20,13,72,17,25,05:50,23:50
합성마을,동작06,마을,이수역,사랑의병원,4,15,5,36,12,25,06:00,23:30
사당3동마을,동작07,마을,삼성래미안아파트,갯마을,4,12,14,32,8,16,05:45,23:17
명승운수,동작08,마을,약수아파트,대방역,11,7,9,47,7,12,05:30,23:30
화인운수,동작09,마을,사당3동주민센터,사당역,7,8,4,30,6,10,06:00,23:30
흑석운수,동작10,마을,노량진교회,상도역,2,22,8,40,20,23,05:45,23:35
상도3동마을,동작11,마을,사자암,노량진역,6,21,7,50,18,23,06:00,22:50
노들마을,동작12,마을,상도4동성문교회,대방역,6,13,7,38,10,20,06:00,23:40
연성운수,동작13,마을,봉천고개,대방역,11,14,14,85,12,17,06:00,23:00
합성마을,동작14,마을,달마사,사랑의병원,3,21,6,40,19,30,06:00,23:20
합성마을,동작15,마을,자이아파트,이수역,4,18,4,28,15,25,06:00,23:30
사당3동마을,동작16,마을,삼성래미안,사당역,3,16,13,35,14,18,05:45,23:15
사당3동마을,동작17,마을,극동아파트,경문고,3,16,14,36,15,17,06:00,23:12
사당3동마을,동작18,마을,극동아파트,사당역,1,28,13,26,25,30,06:00,23:15
상도3동마을,동작19,마을,국사봉터널,동작우체국,3,23,6,44,22,25,06:00,22:55
합성마을,동작20,마을,자이아파트,낙성대역,1,25,4,20,20,30,06:00,23:25
흑석운수,동작21,마을,달마사,상도역,3,21,6,42,20,22,05:20,23:55
웅산교통,마포01,마을,청암대,용문시장,4,11,6,30,10,13,06:00,23:30
웅산교통,마포02,마을,청암대,공덕역,2,11,3,18,11,13,06:00,23:30
아현마을,마포03,마을,아현역,아현역(만리단고개),5,10,8,32,8,12,06:00,23:45
온누리운수,마포05,마을,홍대입구역,홍대입구역,1,15,2,15,15,18,06:00,23:30
온누리운수,마포06,마을,홍대입구역,영보웨딩홀,9,10,8,50,8,12,06:00,00:06
승마교통,마포07,마을,양화진성지,현대백화점,7,9,7,50,7,10,06:00,23:35
성암운수,마포08,마을,월드컵파크7단지,신촌역,16,9,21,60,7,12,05:35,23:35
정암운수,마포09,마을,망원유수지,신촌역,10,6,9,40,5,7,05:25,23:45
정암운수,마포10,마을,신촌전철역.그랜드마트,공덕전철역,6,8,6,30,7,9,05:40,23:45
신수동마을,마포11,마을,신촌역,마포역,5,8,6,30,7,10,06:00,00:10
신수동마을,마포12,마을,신촌역,마포역,4,8,6,30,7,10,06:00,00:10
연희교통,마포13,마을,신촌역,신촌역,3,20,5,50,20,20,06:00,23:00
마포운수,마포15,마을,월드컵파크7단지,홍대입구역,9,11,13,65,9,17,06:00,23:42
합정운수,마포16,마을,진선주택,홍대정문,8,11,9,40,7,15,05:15,23:40
신수동마을,마포17,마을,공덕시장앞,공덕시장,3,7,3,18,6,8,06:00,00:10
미금운수,마포18,마을,상암월드컵파크6.7단지,상암월드컵파크6.7단지,6,12,7,40,6,33,10:00,23:00
미금운수,마포18-1,마을,상암월드컵파크6.7단지,상암월드컵파크6.7단지,6,11,7,33,7,18,06:00,10:00
부일교통,서대문01,마을,삼성빌라,홍제역3번출구,7,13,5,39,10,20,06:00,23:45
충정운수,서대문02대,마을,천연뜨란채아파트,극동아파트,8,10,7,45,7,15,06:00,00:00
충정운수,서대문02소,마을,천연뜨란채아파트,서대문역,1,20,3,18,18,25,06:00,23:00
연일교통,서대문03,마을,홍은2동주민센터,신촌역,11,7,9,50,6,8,05:25,00:15
연희교통,서대문04,마을,궁동근린공원,신촌전철역,4,15,4,42,14,17,06:00,23:00
서북운수,서대문05,마을,북아현삼거리,신촌전철역,10,11,6,42,10,11,06:00,22:55
서북운수,서대문06,마을,두산아파트,서울역서부,8,20,9,60,20,20,06:00,22:45
태화운수,서대문07,마을,개미마을,홍제역,2,25,5,28,25,25,06:00,23:00
태화운수,서대문08,마을,상명대학교,홍제역,4,17,6,32,15,18,06:00,23:00
홍제교통,서대문09대,마을,가산빌라,홍제역,3,9,3,18,7,18,06:00,23:15
홍제교통,서대문09소,마을,풍진베이스타운,홍제역3번출구,2,17,4,20,10,22,06:00,23:15
홍제교통,서대문10,마을,백련사,홍제역3번출구,3,16,6,30,15,17,05:45,23:15
삼하운수,서대문11,마을,국민주택,봉원동입구,13,16,11,55,10,20,05:20,00:00
태화운수,서대문12,마을,유원아파트,홍제역,4,10,5,27,7,15,06:00,23:00
삼하운수,서대문13,마을,국민주택,인왕산현대아파트,3,26,7,50,26,26,05:55,23:32
미향운수,서대문14,마을,정원슈퍼,홍제역,3,10,4,24,8,12,06:00,00:10
미향운수,서대문15,마을,증산역.증산2교,명지대학교교회,3,14,4,24,12,15,06:00,00:00
동성교통,서울01,동행,화성시동탄,강남역,3,15,38,120,15,20,07:00,07:30
다모아자동차,서울02,동행,김포시풍무동,김포공항역,3,10,12,60,10,12,06:30,08:20
공항버스,서울02,동행,김포시풍무동,김포공항역,3,10,12,60,10,12,06:30,08:20
선진운수,서울03,동행,파주시운정지구,홍대입구역,3,20,37,60,15,20,06:20,07:00
선진운수,서울04,동행,고양시원흥지구,가양역,4,15,13,60,15,20,06:30,07:15
서울교통네트웍,서울05,동행,양주시옥정신도시,도봉산역,4,15,21,50,15,20,06:30,07:15
삼성여객,서울07,동행,양재역,성남시판교제2테크노벨리,4,18,13,50,15,20,07:00,07:45
우신운수,서울07,동행,양재역,성남시판교제2테크노벨리,4,18,13,50,15,20,07:00,07:45
보광교통,서울08,동행,고양시화정역,DMC역,3,18,10,30,15,20,07:00,07:30
흥안운수,서울09,동행,의정부시고산지구,노원역,4,18,16,40,15,20,06:30,07:15
한성여객,서울09,동행,의정부시고산지구,노원역,4,18,16,40,15,20,06:30,07:15
동아운수,서울10,동행,의정부시가능동,도봉산역,4,18,10,30,15,20,06:30,07:15
아진교통,서울10,동행,의정부시가능동,도봉산역,4,18,10,30,15,20,06:30,07:15
서초그린운수,서초01,마을,잠원역,반포고,2,25,4,40,25,25,06:00,22:00
서초그린운수,서초02,마을,교대역,교대역,6,18,7,55,15,25,06:00,22:30
서일교통,서초03,마을,교대역,논현역,11,14,11,72,10,25,06:00,23:00
광일운수,서초05,마을,정금마을,방배고개,2,20,6,30,18,22,06:00,23:30
광일운수,서초06,마을,정금마을,동덕여고,2,21,7,38,19,25,06:00,23:30
부생운수,서초07,마을,LG자이아파트,래미안아트힐,3,12,5,30,9,15,06:00,23:00
양재운수,서초08,마을,서초추모공원,양재역,7,14,11,50,12,25,06:00,22:30
청화운수,서초09,마을,헌인마을,강남역,13,11,24,96,9,15,05:30,23:00
서초교통,서초10,마을,서초구민체육센터,강남역,9,13,13,70,11,18,06:00,23:00
서애운수,서초11,마을,예술의전당,GS마트,9,15,12,70,12,20,06:00,22:50
청진운수,서초13,마을,이수역,동덕여고,11,11,18,75,8,16,06:00,23:10
청진교통,서초14,마을,이수역,고속터미널,7,9,11,70,8,15,06:00,23:00
부생운수,서초15,마을,롯데캐슬헤론,사당역,9,8,10,65,6,15,06:00,23:00
광일운수,서초16,마을,정금마을,방배역,4,15,7,36,12,24,06:00,23:30
광일운수,서초17,마을,사당역10번출구,서초구청,9,11,13,120,9,18,06:00,22:45
청암운수,서초18,마을,선바위역,언남고,20,5,20,75,3,10,06:00,23:30
구민버스,서초18,마을,선바위역,언남고,20,5,20,75,3,10,06:00,23:30
청암운수,서초18-1,마을,LH5단지,양재역,2,21,12,50,15,25,06:00,22:00
구민버스,서초18-1,마을,LH5단지,양재역,2,21,12,50,15,25,06:00,22:00
양재운수,서초20,마을,서초더샵포레,양재역,3,25,16,75,25,25,06:00,22:00
선흥상운,서초21,마을,염곡동,구민체육센터,14,10,18,95,7,15,06:00,23:00
계현운수,서초22,마을,남부터미널,국립국악원,3,14,4,20,10,22,06:00,23:00
왕금운수,성동01,마을,옥수역,신당역,9,9,7,45,7,10,05:55,23:53
응봉운수,성동02,마을,마장동현대아파트,논골.금호동벽산아파트,7,14,13,60,12,15,05:50,23:00
낙산운수,성동03-1,마을,신금호역,시설관리공단,6,11,9,59,8,15,06:00,23:30
낙산운수,성동03-2,마을,왕십리KCC스위첸아파트,왕십리역,3,17,9,51,14,20,06:00,23:30
동호운수,성동05,마을,금호산,약수역,6,10,6,40,8,12,05:55,23:36
금호교통,성동08,마을,금호역,시설관리공단,9,11,10,75,8,12,05:50,23:40
화송옥수운수,성동09,마을,극동아파트5동,옥수역,3,8,3,20,6,10,05:50,23:38
성수운수,성동10,마을,성수역,송정동현대아이파크,4,12,5,36,7,13,05:50,23:30
화송옥수운수,성동12,마을,중구청소년센터,옥수역,4,12,5,36,10,15,05:50,23:35
성수운수,성동13,마을,옥수역,성수역,3,21,10,66,20,22,05:59,23:20
응봉운수,성동14,마을,응봉역.광희중학교,왕십리민자역사,1,15,3,15,15,15,06:00,22:00
동호운수,성동15,마을,대우아파트관리사무소,대우아파트입구,2,19,3,26,13,25,05:55,23:00
아리랑교통,성북01,마을,한신113동,삼선동주민센터,8,7,5,36,4,10,05:20,23:55
성삼운수,성북02,마을,한성대,우리옛돌박물관,4,13,7,36,10,15,05:55,23:34
성삼운수,성북03,마을,삼선푸르지오APT,북정노인정,4,12,7,36,8,15,05:45,23:34
안암교통,성북04,마을,성신여대입구,신설동역,8,6,8,40,5,7,05:20,00:00
대진여객,성북05,마을,정릉2동주민센터,정수빌라,1,20,1,18,20,20,06:00,23:00
대진여객,성북06,마을,산림초소,길음역,4,15,8,48,12,25,05:40,23:40
대진여객,성북07,마을,정릉4동종점,길음역,4,10,5,36,10,15,05:40,23:50
길음운수,성북08,마을,신안아파트,길음역,5,6,3,24,5,7,05:30,00:25
길음운수,성북09,마을,신안아파트,미아사거리역,3,11,4,31,9,12,05:30,00:20
고려승객,성북10,마을,장위중학교,미아사거리,7,8,7,,6,15,05:30,00:00
석계운수,성북12,마을,월곡중학교,석계역,3,16,7,30,13,20,05:50,23:30
석계운수,성북13,마을,동방주택,석계역,6,9,6,30,5,15,05:50,00:20
석계운수,성북14-1,마을,북서울꿈의숲,석계역문화공원,3,11,6,36,10,15,05:40,00:20
석계운수,성북14-2,마을,래미안장위퍼스트하이아파트,석계역,3,13,4,36,10,15,05:40,00:20
고려승객,성북15,마을,고려아파트,한미약국,1,13,2,12,10,15,06:00,23:46
약수교통,성북20,마을,고려대역3번출구,삼선동주민센터,6,15,10,60,9,20,06:00,23:30
고려승객,성북21,마을,고려대역,길음역,4,11,8,38,9,16,05:30,00:00
아리랑교통,성북22,마을,세계문화유산정릉,삼선동주민센터,5,8,4,26,7,10,05:20,00:00
송파마을버스,송파01,마을,오륜사거리,잠실역.송파구청,4,18,13,70,16,20,06:00,23:00
송파마을버스,송파02,마을,북위례,수서역,3,21,11,60,17,25,06:00,23:00
송파마을버스,송파03,마을,수서역,잠실역.송파구청,2,25,13,60,25,25,06:00,23:00
에스유엠,심야A21,간선,동대문역,합정역,3,70,20,70,70,70,23:30,04:10
목동운수,양천01,마을,등촌역,당산역,10,6,14,56,5,9,05:30,23:40
목동운수,양천02,마을,등촌역,오목교역,7,7,11,51,6,9,05:40,23:45
신목교통,양천03,마을,신정이펜하우스1단지,목동역,10,10,15,84,9,14,05:30,23:30
우리교통,양천04,마을,신도림동동아아파트1차,양천구청역,9,10,13,54,7,14,06:00,23:50
형일교통,영등포01,마을,신도림역,구로디지털단지,11,7,11,60,6,10,05:40,00:10
태경운수,영등포02,마을,한솔아파트,신동아아파트.관악고교,7,12,11,55,10,20,06:00,23:00
대영마을,영등포03,마을,현대아파트,영등포시장,7,12,9,50,9,15,06:00,23:15
대림운수,영등포04,마을,대림역,영등포역,12,11,13,70,7,15,05:35,23:50
대영마을,영등포05,마을,당산역,영등포역,9,16,12,75,12,18,06:00,23:07
은성운수,영등포06,마을,대방역,신풍시장,3,20,7,40,15,25,06:00,23:30
은성운수,영등포07,마을,대방역,신풍역,4,15,7,38,12,25,06:00,23:30
대영마을,영등포08,마을,신도림역,영등포푸르지오아파트,3,9,3,20,6,20,06:00,23:15
양정운수,영등포09,마을,신도림역,영등포역후문,9,12,7,40,9,20,06:00,23:30
태진마을,영등포10,마을,대방역,대방역,5,15,6,35,10,25,06:00,23:00
태진마을,영등포11,마을,대방역,대방역,4,14,5,30,8,25,06:00,23:00
한강운수,영등포12,마을,신도림역,당산역,5,19,10,50,15,25,06:00,23:30
한강운수,영등포13,마을,대방천사거리,신도림역,4,16,6,35,12,18,06:00,23:30
남산운수,용산01,마을,순천향병원,편의점,3,13,8,35,11,20,06:00,22:30
태영교통,용산02,마을,용산구청,남영역,12,8,9,52,4,12,05:50,23:20
남산운수,용산03,마을,하얏트호텔,용산전자상가,6,11,10,60,10,15,05:50,23:10
금양운수,용산04,마을,서부역,서부역,9,8,8,42,6,13,06:00,23:00
선진운수,은평02,마을,두산.한신아파트,불광역,4,19,7,35,13,25,05:00,23:40
갈현운수,은평03-1,마을,연신내역6번출구,12번지건영아파트,3,11,3,30,7,15,05:50,23:55
갈현운수,은평03-2,마을,연신내역6번출구,신도고등학교,3,18,3,50,13,25,06:00,23:30
선진운수,은평04,마을,경향파크아파트,불광역,4,18,7,30,11,25,05:00,23:40
영운운수,은평05,마을,힐스테이트아파트,녹번역,6,10,7,45,8,12,06:00,23:25
영운교통,은평06,마을,불광동수양관,대성중.고등학교,4,15,5,45,9,20,06:00,23:50
영운교통,은평07,마을,삼성래미안아파트,불광역,3,11,4,28,7,15,06:00,23:55
갈현운수,은평08-1,마을,백련산힐스테이트,새절역,4,15,4,30,12,20,06:00,23:30
갈현운수,은평08-2,마을,백련산힐스테이트,새절역,3,15,4,30,12,20,06:00,23:30
갈현운수,은평09,마을,대림e편한세상APT,청구성심병원,4,11,5,40,7,15,06:00,23:45
영운운수,은평10,마을,숭실고등학교,보람슈퍼,3,18,4,27,15,25,06:00,23:30
대산교통,종로01,마을,아름다운가게.정독도서관,종각역YMCA,3,15,5,45,10,25,06:00,23:20
대산교통,종로02,마을,성균관대학교,종각역YMCA,7,12,8,50,8,15,06:00,23:15
종로운수,종로03,마을,낙산공원,종로5가,9,9,7,55,7,10,06:00,23:40
나경운수,종로05,마을,서대문3번출구,종로문화센터,7,11,5,36,9,15,06:00,23:30
와룡운수,종로07,마을,명륜새마을금고,명륜새마을금고,2,18,6,,15,20,06:00,22:00
와룡운수,종로08,마을,명륜3가,종로5가,11,7,7,35,5,8,05:50,23:40
인왕교통,종로09,마을,수성동계곡,남대문,7,10,6,40,6,15,06:00,23:30
삼청교통,종로11,마을,삼청동,서울역,7,10,9,53,8,12,06:00,23:00
은수교통,종로12,마을,서울대병원,종로3가,7,9,5,40,5,12,06:00,23:30
약수교통,종로13,마을,평창동주민센터,부암슈퍼,4,15,8,50,10,20,05:50,22:30
금창운수 월계점,중랑01,마을,중화1동동아약국,신이문역,2,25,4,24,25,25,06:00,23:50
금창운수,중랑01,마을,중화1동동아약국,신이문역,2,25,4,24,25,25,06:00,23:50
중랑운수,중랑02,마을,진로아파트,한신아파트,7,8,7,40,5,12,06:00,23:15
에스유엠,청와대A01,순환,경복궁역,경복궁역